sb.web.app/src/components/FAQ/BarterTips.vue:4,,Bakgrund,0
sb.web.app/src/components/FAQ/BarterTips.vue:4,,Kom igång med barter idag!,0
sb.web.app/src/components/FAQ/BarterTips.vue:4,,"Det finns många goda skäl till att fler och fler företag världen över erbjuder sina produkter och tjänster på barter istället för kontanter, men underliggande för dem alla är en grundläggande affärsmotivering: företagets vinst.",0
sb.web.app/src/components/FAQ/BarterTips.vue:4,,"Flygbolag och restauranger kan fylla tomma platser, hotell kan fylla tomma rum, tryckfirmor kan fylla trycktid, konsulter kan fylla tomma tidsluckor, mediabolag fyller tomma annonsplatser och så vidare.",0
sb.web.app/src/components/FAQ/BarterTips.vue:4,,Företagare kan sedan ta den här nyinkomna inkomsten och minska de befintliga kontanta utgifterna eller investera för att utöka sin verksamhet. Eller varför inte använda dem till CSR-satsningar?,0
sb.web.app/src/components/FAQ/BarterTips.vue:4,,"Allt fler företag, över hela världen, ser idag barter som ett smart sätt att bygga hållbarhet och tillväxt i sin verksamhet. Om detta vittnar den snabba tillväxten av barterbranschen internationellt. Nu finns äntligen en möjlighet i svensk tappning. Svensk Barter är en modern lösning för SME-sektorn, föreningslivet och den sociala företagssektorn att bidra till lokal hållbarhet i en globaliserad värld.",0
sb.web.app/src/components/FAQ/BarterTips.vue:4,,"ÖKA FÖRSÄLJNINGEN MED BARTERAVTAL: Föreningen marknadsför ditt företag till andra medlemmar via webshopen, e-postutskick, handelsmöten med mera. Ditt företag hänvisas till helt nya kunder du annars inte fått. Medlemmarna hjälps även åt med rekryteringen av nya medlemmar vars varor och tjänster efterfrågas i nätverket. Medlemmarna är också med och sköter föreningen och dess aktiviteter. Välkommen att bidra till detta arbete till nytta för både dig själv och alla medlemmar i föreningen. ",0
sb.web.app/src/components/FAQ/BarterTips.vue:4,,"ÖKA DEN VANLIGA FÖRSÄLJNINGEN: Den främsta källan till reklam för småföretag är ""word of mouth"". Om du gör ett bra jobb för en barterkund, kommer den att hänvisa sina kontantbetalande vänner, kunder, familj och andra företag till dig. Dessutom kommer barterintäkter från föreningen att kunna användas för radio, tv, trycksaker, direktreklam, utomhusreklam, onlinekampanjer och andra typer av reklam, beroende på vad som för tillfället finns i barterringen, för att locka fler kunder och bygga ditt varumärke.",0
sb.web.app/src/components/FAQ/BarterTips.vue:4,,"HANDLA ”SOM PÅ RABATT”: Med barteravtal är den faktiska kostnaden för de varor och tjänster som du köper rabatterad motsvarande säljmarginalen på dina egna varor och tjänster. Exempelvis om du har ett hotell och ett rum kostar 300 SEK att städa och hyra ut till ett slutkundpris av 1000 SEK per natt får du 70% rabatt på allt i barterringen som du byter detta rum mot. Låt säga att du köper marknadsföring och städtjänster i barterringen till ett värde av 100 000 SEK, så blir din faktiska kostnad 30 000 SEK. Moms betalas som vanligt från ditt ordinarie bankkonto till säljaren (eller på barter, enligt överenskommelse).",0
sb.web.app/src/components/FAQ/BarterTips.vue:4,,"AVYTTRA ÖVERSKOTTSLAGER & FYLL DIN KUNDKALENDER: Varje affärsidkare har då och då överflödig lagerhållning, produktion, kapacitet eller arbetstid. Det obokade konsultmötet idag har noll värde imorgon och intäktsmöjligheten är förlorad för alltid. När du går med i Svensk Barter erbjuds potentiella nya affärer som får ditt överskott att användas på ett mer lönsamt sätt. Detta åstadkommes genom att matcha din produkt eller tjänst med företag som vill köpa dem på barteravtal. Det är viktigt att medlemmar accepterar att köpa även under lågsäsong för att detta ska fungera smidigt.",0
sb.web.app/src/components/FAQ/BarterTips.vue:4,,"ÖKA KONKURRENSKRAFTEN: Medlemmar i barterringen kommer troligen att välja dig före konkurrenterna, eftersom ditt eget medlemskap är ett incitament att göra affärer med dig. Barterhandeln lockar nya kunder till ditt företag, utan att påverka den befintliga kontanta försäljningen (annat än möjligen positivt).",0
sb.web.app/src/components/FAQ/BarterTips.vue:4,,INGA DÅLIGA FORDRINGAR: Vi eliminerar risken för dåliga fordringar mellan medlemmar. När du godkänner en försäljning i barterringen verifierar handelsplattformen att köparen har tillräckligt med barterkronor på sitt handelskonto att betala med innan köpet kan gå igenom.,0
sb.web.app/src/components/FAQ/BarterTips.vue:4,,"TA BETALT I NATURA: Ett litet företag kan ibland ha svårt att betala de pengar de är skyldiga, men skulle välkomna möjligheten att uppfylla sin skyldighet med betalning i egna produkter eller tjänster. Medlemmar i Svensk Barter kan då erbjuda dessa varor och tjänster som de erhåller utanför barterringen via direkta barteravtal till andra medlemmar mot barterkronor. Din annars icke-inkasserade fordran blir på detta sätt möjlig att lösa in och omsättas till en mängd olika varor och tjänster.",0
sb.web.app/src/components/FAQ/BarterTips.vue:4,,"PERSONALBELÖNINGAR: Genom att köpa friskvård och gåvor till dina medarbetare för barterkronor kan du öka din attraktivitet som arbetsgivare och främja hälsan hos din personal. Barterinköp kan också vara ett bra sätt att skaffa tävlingspriser, bonusar, friskvårdsprogram och semester - allt tillgängligt för dig utan att använda kontanter, och med din säljmarginal som ”rabatt”. Genom sina kontakter kan Svensk Barter i vissa fall ordna internationella handelsmöjligheter för sina medlemmar. Turism, boende och marknadsföring i utlandet på barteravtal kan för vissa medlemmar troligen vara en mycket intressant möjlighet. Medlemmar som önskar vara med och utveckla detta spår är välkomna att ta kontakt.",0
sb.web.app/src/components/FAQ/BarterTips.vue:4,,Sist men inte minst: Svensk Barter blir vad medlemmarna gör det till! Jobba med andra medlemmar för att hitta affärer och stärka föreningen så har du också möjlighet att öka din omsättning och förbättra årsresultatet!,0
sb.web.app/src/components/FAQ/BarterTips.vue:4,,Här är en tänkbar vision:,0
sb.web.app/src/components/FAQ/BarterTips.vue:4,,Svensk-barter-ide-diagram,0
sb.web.app/src/components/FAQ/BarterTips.vue:4,,,0
sb.web.app/src/components/FAQ/FAQ.vue:4,Trade rules & tips,HANDELSREGLER & TIPS,0
sb.web.app/src/components/FAQ/FAQ.vue:4,Common questions,Vanliga frågor,0
sb.web.app/src/components/FAQ/FAQ.vue:4,,Bartertips,0
sb.web.app/src/components/FAQ/FAQ.vue:4,,Föreningsinformation,0
sb.web.app/src/components/FAQ/FAQ.vue:4,Privacy policy,Integritetspolicy,0
sb.web.app/src/components/FAQ/FAQ.vue:4,,,0
sb.web.app/src/components/FAQ/Information.vue:1,,All text här är i nuläget hårdkodad och översatt till html via wordtohtml.net.,0
sb.web.app/src/components/FAQ/Information.vue:1,,"Detta kommer i framtiden behöva ändras så att admin kan ändra texten via adminpage,",0
sb.web.app/src/components/FAQ/Information.vue:1,,och att texten ligger sparad i databasen istället för att vara hårdkodad här.,0
sb.web.app/src/components/FAQ/Information.vue:1,,TILL&Auml;MPNING,0
sb.web.app/src/components/FAQ/Information.vue:1,,"Dessa Anv&auml;ndarvillkor g&auml;ller f&ouml;r tj&auml;nster som tillhandah&aring;lls av Svensk Barter Ekonomisk F&ouml;rening, org.nr 769637-0241 via webbplatsen<a href=""http://www.svenskbarter.se/"">&nbsp;www.svenskbarter.se</a> (&rdquo;Svensk Barter&rdquo;), respektive http://sb.mutualcredit.services/login.",0
sb.web.app/src/components/FAQ/Information.vue:1,,"Villkoren g&auml;ller f&ouml;r alla som beviljats medlemskap i f&ouml;reningen, registrerar ett konto p&aring; webbplatsen och som deltar i byteshandeln.",0
sb.web.app/src/components/FAQ/Information.vue:1,,OM TJ&Auml;NSTEN,0
sb.web.app/src/components/FAQ/Information.vue:1,,"Svensk Barter &auml;r ett handelskooperativ som ocks&aring; fungerar som internt clearinghouse och tredjeparts bokh&aring;llare av byteshandel mellan sina medlemmar, vilka &auml;r aff&auml;rs&auml;gare och yrkesverksamma som avtalar med Svensk Barter f&ouml;r att organisera och underl&auml;tta byte av sina varor och tj&auml;nster med varandra.&nbsp;",0
sb.web.app/src/components/FAQ/Information.vue:1,,Medlemmar med s&auml;te i Sverige &auml;r &auml;ven del&auml;gare i &rdquo;Svensk Barter ekonomisk f&ouml;rening&rdquo; med r&ouml;str&auml;tt p&aring; f&ouml;reningsst&auml;mman.&nbsp;,0
sb.web.app/src/components/FAQ/Information.vue:1,,DEFINITIONER,0
sb.web.app/src/components/FAQ/Information.vue:1,,&rdquo;Medlem&rdquo; eller &rdquo;Kontoinnehavare&rdquo; &auml;r ett legitimt f&ouml;retag eller f&ouml;rening som p&aring; frivillig basis vill utbyta varor och / eller tj&auml;nster med andra medlemmar och vill teckna sig f&ouml;r Svensk Barters tj&auml;nster f&ouml;r bokhantering och byteshandelsm&auml;kleri.&nbsp;,0
sb.web.app/src/components/FAQ/Information.vue:1,,"&rdquo;Barteraff&auml;r&rdquo; eller &rdquo;Barteravtal&rdquo; &auml;r ett byte, k&ouml;p eller f&ouml;rs&auml;ljning av varor och / eller tj&auml;nster d&auml;r betalning sker i Svensk Barters interna kreditsystem registrerat p&aring; medlemmens konto enligt dessa regler.",0
sb.web.app/src/components/FAQ/Information.vue:1,,"&rdquo;Barterkrona&rdquo; &auml;r en redovisningsenhet som anv&auml;nds f&ouml;r att registrera v&auml;rdet av handeln. &Auml;garandel i s&aring;dana komplement&auml;ra valutaenheter betecknar r&auml;tten att erh&aring;lla varor eller tj&auml;nster som finns tillg&auml;ngliga inom bytesringssystemet. Barterkronor f&aring;r anv&auml;ndas endast p&aring; det s&auml;tt och f&ouml;r det syfte som anges i dessa regler. De kommer inte att betraktas som lagligt betalningsmedel, v&auml;rdepapper eller r&aring;varor. De f&aring;r inte l&ouml;sas in mot kontanter, med undantag f&ouml;r vad som godk&auml;nts i dessa regler.&nbsp;",0
sb.web.app/src/components/FAQ/Information.vue:1,,ANV&Auml;NDNING AV TJ&Auml;NSTEN,0
sb.web.app/src/components/FAQ/Information.vue:1,,Som Kontoinnehavare ansvarar du f&ouml;r all anv&auml;ndning av Tj&auml;nsten och f&ouml;r att dina inloggningsuppgifter skyddas mot obeh&ouml;rig &aring;tkomst. Det &auml;r ej till&aring;tet att &ouml;verl&aring;ta eller l&aring;ta n&aring;gon annan anv&auml;nda ditt konto.&nbsp;,0
sb.web.app/src/components/FAQ/Information.vue:1,,"Webbplatsen &auml;r endast till f&ouml;r medlemmar i Svensk Barter eller deltagande anv&auml;ndare som f&aring;tt s&auml;rskilt godk&auml;nnande av styrelsen, och f&aring;r inte anv&auml;ndas av andra parter &auml;n dessa. Kontoinnehavaren f&ouml;rst&aring;r att bristande &ouml;verensst&auml;mmelse med denna best&auml;mmelse kan leda till att kontot avslutas.",0
sb.web.app/src/components/FAQ/Information.vue:1,,"Genom att acceptera dessa villkor garanterar Kontoinnehavaren att Tj&auml;nsten inte kommer anv&auml;ndas f&ouml;r &auml;ndam&aring;l som strider mot g&auml;llande lagstiftning, myndighetsf&ouml;reskrift eller som p&aring; annat s&auml;tt kan medf&ouml;ra skada eller ol&auml;genhet f&ouml;r Svensk Barter eller tredjeman.",0
sb.web.app/src/components/FAQ/Information.vue:1,,"Tj&auml;nsten f&aring;r inte heller anv&auml;ndas f&ouml;r att skicka o&ouml;nskad reklam eller marknadsf&ouml;ring till andra medlemmar. Andra f&ouml;rbjudna aktiviteter inkluderar, men &auml;r inte begr&auml;nsade till, utbredning av maskar, trojaner och virus och anv&auml;ndande av n&auml;tverket f&ouml;r att till&aring;ta obeh&ouml;rigt tilltr&auml;de till n&aring;gon annan tj&auml;nst som &auml;r tillg&auml;nglig via n&auml;tverket.",0
sb.web.app/src/components/FAQ/Information.vue:1,,M&Auml;KLARTJ&Auml;NSTER,0
sb.web.app/src/components/FAQ/Information.vue:1,,Svensk Barter tillhandah&aring;ller tj&auml;nster i m&auml;kleri vid organisering och underl&auml;ttande av handel bland medlemmarna.&nbsp;,0
sb.web.app/src/components/FAQ/Information.vue:1,,"Ansvaret f&ouml;r handeln ligger uteslutande hos de tv&aring; medlemmar som deltar i en aff&auml;rsuppg&ouml;relse inom bytesringssystemet. Svensk Barter kommer att g&ouml;ra sitt b&auml;sta f&ouml;r att m&auml;kla varor eller tj&auml;nster till de handlande medlemmarna, noggrant registrera och bokf&ouml;ra aff&auml;rer i barterkronor och att f&ouml;rvalta dessa regler i enlighet med villkoren. Medlemmen bekr&auml;ftar dock att de enda g&auml;llande principerna f&ouml;r all handel inom bytesringssystemet &auml;r att ansvaret ligger hos k&ouml;paren och s&auml;ljaren, handeln &auml;r frivilligt ingiven, att handlande medlemmar inte &auml;r medlemmar hos andra handlande medlemmar, att barterm&auml;klare inte deltar via eget f&ouml;retag som medlem, att Svensk Barter inte f&ouml;retr&auml;der n&aring;gon enskild medlem som agent i handeln och inte heller &auml;r borgen&auml;r f&ouml;r medlemmars negativa saldon i barterkronor. Enda undantaget f&ouml;r att medlemmar kan agera barterm&auml;klare &auml;r vid uppstart av en geografiskt ny barterhub och efter styrelsebeslut.",0
sb.web.app/src/components/FAQ/Information.vue:1,,TJ&Auml;NSTENS TILLG&Auml;NGLIGHET,0
sb.web.app/src/components/FAQ/Information.vue:1,,Svensk Barter avser att h&aring;lla tj&auml;nsten tillg&auml;nglig alla dagar om &aring;ret men f&ouml;rbeh&aring;ller sig r&auml;tten att vid underh&aring;ll eller uppdateringar st&auml;nga ned hela eller delar av tj&auml;nsten.,0
sb.web.app/src/components/FAQ/Information.vue:1,,Svensk Barter garanterar inte att anv&auml;ndningen av tj&auml;nsten kommer vara oavbruten eller fri fr&aring;n fel.,0
sb.web.app/src/components/FAQ/Information.vue:1,,"Svensk Barter ansvarar d&auml;rmed inte f&ouml;r eventuella tekniska fel, oavsett felens orsak, eller andra st&ouml;rningar i tj&auml;nstens tillg&auml;nglighet som orsakas av till exempel bristf&auml;llig internetuppkoppling, st&ouml;rningar hos webbhotellet eller i samband med uppdateringar och underh&aring;ll.",0
sb.web.app/src/components/FAQ/Information.vue:1,,ANSVARSFRIHET,1
sb.web.app/src/components/FAQ/Information.vue:1,,Svensk Barter har f&ouml;r avsikt att all information p&aring; webbplatsen ska vara korrekt och s&aring; uppdaterad som m&ouml;jligt men detta &auml;r ingenting som Svensk Barter p&aring; n&aring;got vis kan garantera.,1
sb.web.app/src/components/FAQ/Information.vue:1,,"Svensk Barter ansvarar endast f&ouml;r &aring;taganden och representationer som skriftligen gjorts av en vederb&ouml;rligen auktoriserad tj&auml;nsteman i Svensk Barter, m&auml;klare, agenter eller anst&auml;lld, g&auml;llande n&aring;gon som helst skyldighet.&nbsp;",1
sb.web.app/src/components/FAQ/Information.vue:1,,Kontoinnehavaren anv&auml;nder och deltar i tj&auml;nsten p&aring; egen risk. Svensk Barter &auml;r inte ansvarig f&ouml;r eventuella skador eller f&ouml;rluster som &auml;r resultatet av Kontoinnehavarens anv&auml;ndning eller deltagande i tj&auml;nsten.,1
sb.web.app/src/components/FAQ/Information.vue:1,,"Svensk Barter ger inga garantier, varken uttryckligt eller underf&ouml;rst&aring;tt, och fr&aring;ns&auml;ger sig allt ansvar avseende funktion, kvalitet, leveransdatum, s&auml;ljbarhet, priser eller eventuella villkor f&ouml;r alla handelstransaktioner i bytesringssystemet. Medlemmen f&ouml;rbinder sig h&auml;rmed att h&aring;lla Svensk Barter skadefri med avseende p&aring; anspr&aring;k, skuld eller ansvarsskyldighet som uppst&aring;r genom transaktioner d&auml;r medlemmen &auml;r en k&ouml;pare eller s&auml;ljare.",1
sb.web.app/src/components/FAQ/Information.vue:1,,"Medlemmen bekr&auml;ftar vidare att varje handelstransaktion i vilken den deltar, &auml;r frivillig och att Svensk Barter varken &auml;r sin egen agent eller agent f&ouml;r n&aring;gon annan medlem i utbyten d&auml;r Svensk Barter sj&auml;lv inte &auml;r en k&ouml;pare eller s&auml;ljare.",1
sb.web.app/src/components/FAQ/Information.vue:1,,SKADEL&Ouml;SHETSF&Ouml;RBINDELSE,1
sb.web.app/src/components/FAQ/Information.vue:1,,"Drift av denna tj&auml;nst medf&ouml;r inneboende risker f&ouml;r Svensk Barter eftersom Svensk Barter bokstavligen inte kan kontrollera alla aspekter av tj&auml;nsten hela tiden. Genom att bekr&auml;fta detta avtal accepterar du att ers&auml;tta Svensk Barter f&ouml;r eventuella skador, kostnader och utgifter, inklusive rimliga juristkostnader, som uppkommer f&ouml;r Svensk Barter till f&ouml;ljd av eller som uppst&aring;r p&aring; grund av din verksamhet p&aring; Tj&auml;nsten inklusive, men inte begr&auml;nsat till, eventuella p&aring;st&aring;enden om brott mot upphovsr&auml;tt, varum&auml;rke eller skyddat material, eventuella anspr&aring;k p&aring; skadelidande, f&ouml;rtal, &auml;rekr&auml;nkning, diskriminering eller liknande, &nbsp;eller eventuell anv&auml;ndning av Tj&auml;nsten f&ouml;r olagliga &auml;ndam&aring;l.",1
sb.web.app/src/components/FAQ/Information.vue:1,,GEMENSAMT OCH ENSKILT ANSVAR,1
sb.web.app/src/components/FAQ/Information.vue:1,,"Efter styrelsens godk&auml;nnande och inbetald insats och &aring;rsavgift, vilket m&aring;ste sammanfalla med godk&auml;nnande av stadgar, detta avtal och eventuella andra policys, &nbsp;blir ett bolag eller f&ouml;rening medlem av Svensk Barter, utifr&aring;n detta tar medlemmen och den enskilda undertecknaren f&ouml;r medlemmen ut ett gemensamt och separat ansvar f&ouml;r alla ink&ouml;p och avgifter som anges i detta avtal och den enskilda undertecknaren som verkar p&aring; uppdrag av ett bolag eller f&ouml;rening samtycker till att vara personligt ansvarig f&ouml;r full prestering av n&auml;mnda bolag eller f&ouml;rening i enlighet med detta avtal.",1
sb.web.app/src/components/FAQ/Information.vue:1,,TILLG&Auml;NGLIGHET AV PRODUKTER OCH TJ&Auml;NSTER,1
sb.web.app/src/components/FAQ/Information.vue:1,,Bytesringssystemet kan bara best&aring; av ett visst antal varor och tj&auml;nster f&ouml;r ett visst antal medlemmar vid varje givet tillf&auml;lle.,1
sb.web.app/src/components/FAQ/Information.vue:1,,"Svensk Barter ska g&ouml;ra sitt b&auml;sta f&ouml;r att ansluta nya f&ouml;retag som medlemmar, vars produkter eller tj&auml;nster &auml;r &ouml;nskade av befintliga medlemmar, f&ouml;r att tillgodose alla medlemmars behov.",1
sb.web.app/src/components/FAQ/Information.vue:1,,Medlemmen &auml;r inf&ouml;rst&aring;dd med att en bytesring &auml;r en begr&auml;nsad marknadsplats och att Svensk Barter inte kan uppfylla alla ink&ouml;psf&ouml;rfr&aring;gningar hela tiden. Svensk Barter &auml;r inte ansvarig om en medlem inte kan hitta specifika produkter eller tj&auml;nster att k&ouml;pa fr&aring;n medlemmar.,1
sb.web.app/src/components/FAQ/Information.vue:1,,Svensk Barter &aring;tar sig &auml;ven att efter b&auml;sta f&ouml;rm&aring;ga motverka oh&aring;llbar deflation i systemet genom att inte ansluta f&ouml;r m&aring;nga medlemmar med samma utbud av varor och tj&auml;nster,1
sb.web.app/src/components/FAQ/Information.vue:1,,MARKNADSF&Ouml;RING,1
sb.web.app/src/components/FAQ/Information.vue:1,,Om inte annat &ouml;verenskommits mellan parterna har Svensk Barter r&auml;tten att marknadsf&ouml;ra och annonsera till andra medlemmar om tillg&auml;ngligheten f&ouml;r medlemmens produkter eller tj&auml;nster.,1
sb.web.app/src/components/FAQ/Information.vue:1,,PRISER OCH BETALNINGSVILLKOR,1
sb.web.app/src/components/FAQ/Information.vue:1,,"Alla avgifter, inklusive initiala anslutningssavgifter, provisioner och andra avgifter som medlemmarna betalar till Svensk Barter anv&auml;nds f&ouml;r att t&auml;cka kostnaden f&ouml;r &nbsp;tj&auml;nster som g&ouml;rs i behandlingen av medlemmen i bytesringssystemet, drift av clearinghus och m&auml;klarfunktioner, administration av dessa regler, uppr&auml;ttande och underh&aring;ll av register och underl&auml;ttande av medlemmars anv&auml;ndning av bytesringssystemet. &Ouml;verskott fr&aring;n avgifter kan &auml;ven stadgeenligt investeras i samh&auml;llsnytta (Corporate Social Responsibility).",1
sb.web.app/src/components/FAQ/Information.vue:1,,"Medlemmen f&ouml;rbinder sig att betala Svensk Barter samtliga s&aring;dana avgifter inom 30 dagar efter det m&aring;natliga kontoutl&aring;tandet eller fakturering, vid sen betalning kan dr&ouml;jsm&aring;lsr&auml;nta l&auml;ggas p&aring; det utest&aring;ende saldot till dess att full betalning erlagts.",1
sb.web.app/src/components/FAQ/Information.vue:1,,"Om medlemmen &auml;r i dr&ouml;jsm&aring;l med betalning av kontantavgifter i mer &auml;n trettio (30) dagar, accepterar medlemmen att avst&aring; fr&aring;n alla sina r&auml;ttigheter f&ouml;r anv&auml;ndning av eventuella positiva saldon i barterkronor p&aring; sitt konto och ger Svensk Barter r&auml;tten att h&aring;lla s&aring;dan balans s&aring; l&auml;nge som eventuella kontantavgifter &auml;r utest&aring;ende.",1
sb.web.app/src/components/FAQ/Information.vue:1,,SKYLDIGHETER VID ANV&Auml;NDNING AV BARTERKRONOR,1
sb.web.app/src/components/FAQ/Information.vue:1,,"Medlemmen erk&auml;nner att barterkronor i bytesringssystemet (positiva saldon) &auml;r skulder hos juridiska personer / f&ouml;retag som har spenderat mer &auml;n sina int&auml;kter (negativa saldon), att det finns en borgen&auml;r / g&auml;lden&auml;rsf&ouml;rh&aring;llande mellan s&aring;dana personer, och att transaktioner med barterkronor som utbytesmedel medf&ouml;r de normala aff&auml;rsriskerna som &auml;r f&ouml;rknippade med en kredittransaktion.",1
sb.web.app/src/components/FAQ/Information.vue:1,,"Barterkronor &auml;r som regel de skulder som medlemmarna &auml;r skyldiga till bytesringssystemet, och inte till Svensk Barter, som enbart &auml;r ansvarig f&ouml;r sin egen skulds&auml;ttning i bytesringssystemet.",1
sb.web.app/src/components/FAQ/Information.vue:1,,UPPR&Auml;TTANDE AV RESERVFOND,1
sb.web.app/src/components/FAQ/Information.vue:1,,Svensk Barter &auml;r auktoriserad att uppr&auml;tta en fordringsreservfond genom att regelbundet ta ut en avgift fr&aring;n alla konton i barterkronor som ska betalas in i en s&aring;dan fond. Eventuella positiva saldon som &ouml;vergivits eller &ouml;verl&auml;mnats av tidigare medlemmar i enlighet med Reglerna kan ocks&aring; betalas in i reservfonden. &nbsp;Fordringsreservfonden finns till f&ouml;r att vid behov t&auml;cka negativa saldon som l&auml;mnas av- eller inte kan betalas tillbaka av medlemmar. Detta f&ouml;r att uppeh&aring;lla h&aring;llbara balanser i f&ouml;reningens interna kreditsystem.,1
sb.web.app/src/components/FAQ/Information.vue:1,,"F&ouml;r att motverka oh&aring;llbara obalanser p&aring; grund av l&aring;ngvariga negativa saldon hos medlemmar som missk&ouml;ter sin st&auml;llning, samt vid etablering av lokala barterklubbar p&aring; nya orter, f&aring;r Svensk Barter lyfta serviceavgiften hos nya medlemmar efter eget godtycke upp till ett (1) &aring;r f&ouml;r att snabbt skapa tillv&auml;xt i bytesringssystemet.",1
sb.web.app/src/components/FAQ/Information.vue:1,,L&Aring;N I BARTERKRONOR ,1
sb.web.app/src/components/FAQ/Information.vue:1,,"Medlemmar beviljar Svensk Barter r&auml;tten och ansvaret att ge ut l&aring;n i barterkronor till en medlem p&aring; villkor som &auml;r f&ouml;renliga med medlemmens kreditv&auml;rdighet och f&ouml;rm&aring;ga att betala tillbaka. Ut&ouml;vandet av denna makt ska vara enligt eget gottfinnande av Svensk Barters f&ouml;rvaltning med avseende p&aring; stadgar, saldo, r&auml;nta, villkor, utl&aring;ningspolitik och andra uppgifter. Svensk Barter f&ouml;rbeh&aring;ller sig r&auml;tten att kr&auml;va att medlemmen ska signera ett formellt l&aring;neavtal, beg&auml;ra bokslut, kredithistoria och s&auml;kerhet innan l&aring;n godk&auml;nns.",1
sb.web.app/src/components/FAQ/Information.vue:1,,Svensk Barter &auml;r inte skyldig att bevilja checkkredit eller ge ut l&aring;n i barterkronor n&auml;r som helst. Svensk Barter kommer att g&ouml;ra sitt b&auml;sta f&ouml;r att s&auml;kerst&auml;lla r&auml;ttvisa &aring;terbetalningar av amortering och r&auml;nta med l&auml;mplig s&auml;kerhet i alla l&aring;n.,1
sb.web.app/src/components/FAQ/Information.vue:1,,CHECKKREDIT I BARTERKRONOR,1
sb.web.app/src/components/FAQ/Information.vue:1,,"Svensk Barter kan uppr&auml;tta en kreditgr&auml;ns f&ouml;r varje medlem, som kan justeras fr&aring;n tid till annan. Det utest&aring;ende saldot p&aring; krediten, utifr&aring;n hur den utnyttjas, kommer att behandlas som ett l&aring;n enligt dessa regler. En medlem som g&ouml;r ink&ouml;p ut&ouml;ver gr&auml;nsen f&ouml;r sin checkkredit m&aring;ste s&auml;lja sina produkter eller tj&auml;nster till 100% barter tills ett s&aring;dant underskott balanserats.",1
sb.web.app/src/components/FAQ/Information.vue:1,,"Svensk Barter kan f&ouml;r egen del anv&auml;nda checkkredit i barterkronor motsvarande upp till tre &aring;rs budgeterade int&auml;kter eller vid styrelsebeslut om att anv&auml;nda checkkrediten tillf&auml;lligt f&ouml;r att stimulera handeln i systemet genom att k&ouml;pa in varor och tj&auml;nster som sedan s&auml;ljs vidare utan egen s&auml;ljmarginal. Svensk Barter &aring;tar sig att motverka inflation i kreditsystemet genom att sj&auml;lv vara m&aring;ttlig i anv&auml;ndandet av sin egen checkkredit och aldrig, vare sig g&auml;llande huvudsakligt handelskonto eller subkonton, anv&auml;nda sin informationsf&ouml;rdel f&ouml;r att konkurrera med medlemmar om attraktiva varor och tj&auml;nster.",1
sb.web.app/src/components/FAQ/Information.vue:1,,GODK&Auml;NNANDE AV HANDEL,1
sb.web.app/src/components/FAQ/Information.vue:1,,Alla ink&ouml;p som g&ouml;rs i bytesringssystemet m&aring;ste godk&auml;nnas av Svensk Barter f&ouml;re f&ouml;rs&auml;ljning och ha ett auktoriseringsnummer utf&auml;rdat och registrerat av Svensk Barter eller liknande auktoriseringsfunktion tilldelad av medlemmens barterm&auml;klare. Om auktorisation inte erh&aring;lls vid tidpunkten f&ouml;r f&ouml;rs&auml;ljningen har Svensk Barter ingen skyldighet att l&aring;ta genomf&ouml;ra transaktionen.,1
sb.web.app/src/components/FAQ/Information.vue:1,,"Svensk Barter f&ouml;rbeh&aring;ller sig r&auml;tten att f&ouml;rv&auml;gra en medlem auktorisering av en transaktion under n&aring;got av f&ouml;ljande villkor:<ol style=""list-style-type: lower-alpha;",1
sb.web.app/src/components/FAQ/Information.vue:1,,Om k&ouml;paren inte har tillr&auml;ckligt saldo med barterkronor f&ouml;r att g&ouml;ra ett s&aring;dant k&ouml;p;,1
sb.web.app/src/components/FAQ/Information.vue:1,,Om n&aring;gon part inte &auml;r en medlem i god st&auml;llning; eller,1
sb.web.app/src/components/FAQ/Information.vue:1,,"Om s&auml;ljaren misslyckas med att ringa till Svensk Barter eller anv&auml;nda f&ouml;reningens automatiserade handelstillst&aring;ndssystem, f&ouml;r auktorisering av transaktionen vid f&ouml;rs&auml;ljningstillf&auml;llet.",1
sb.web.app/src/components/FAQ/Information.vue:1,,FELAKTIGHETER I BOKH&Aring;LLNING OCH REGISTER,1
sb.web.app/src/components/FAQ/Information.vue:1,,"Svensk Barter har r&auml;tt att &aring;terkalla en transaktion p&aring; grund av bristande efterlevnad av dessa regler, i vilket fall det &auml;r s&auml;ljarens ansvar att &aring;terta barterkronor fr&aring;n k&ouml;paren.",1
sb.web.app/src/components/FAQ/Information.vue:1,,"Alla transaktioner &auml;r f&ouml;rem&aring;l f&ouml;r revision och verifikation av Svensk Barter, och i h&auml;ndelse av felaktigheter kan Svensk Barter debitera eller kreditera medlemmens konto utan f&ouml;rvarning till f&ouml;ljd av ett s&aring;dant fel.",1
sb.web.app/src/components/FAQ/Information.vue:1,,Svensk Barter kommer att tillhandah&aring;lla handelshistorik till medlemmar som &aring;terspeglar kontoaktivitet och saldo i barterkronor i bytesringssystemet. Handelshistoriken anses vara korrekt som tryckt s&aring;vida inte medlem meddelar Svensk Barter skriftligen om eventuella avvikelser inom trettio (30) dagar efter rapporteringsdatum,1
sb.web.app/src/components/FAQ/Information.vue:1,,&Ouml;VERPRISS&Auml;TTNING,1
sb.web.app/src/components/FAQ/Information.vue:1,,Medlemmarna &auml;r skyldiga att s&auml;lja sina varor och tj&auml;nster till sina normala sedvanliga priser som de s&auml;ljer sina varor och tj&auml;nster till i den vanliga kontanta handelsmilj&ouml;n.,1
sb.web.app/src/components/FAQ/Information.vue:1,,Svensk Barter f&ouml;rbeh&aring;ller sig r&auml;tten att unders&ouml;ka klagom&aring;l om &ouml;verpriss&auml;ttning fr&aring;n en medlem. Brott kan leda till upps&auml;gning av medlemmens konto och / eller omedelbar justering av de ber&ouml;rda transaktionerna.,1
sb.web.app/src/components/FAQ/Information.vue:1,,TILL&Auml;GGSPRISER,1
sb.web.app/src/components/FAQ/Information.vue:1,,"Som ett undantag fr&aring;n regeln att handel ska ske till r&aring;dande marknadspriser (definierat som normalt eller sedvanligt kontantpris) kan till&auml;ggspriser till&aring;tas f&ouml;r vissa kategorier som mat, bensin, apparater, elektronik och produkter d&auml;r vinstmarginalen &auml;r relativt l&aring;g, och utbudet av s&aring;dana produkter i bytesringen &auml;r l&aring;gt. Svensk Barter kommer att fastst&auml;lla till&auml;ggspriset med den ber&ouml;rda medlemmen. Medlemmarna kommer att bli informerade om eventuella till&auml;ggspriser.",1
sb.web.app/src/components/FAQ/Information.vue:1,,DIREKT BARTERHANDEL MELLAN MEDLEMMAR,1
sb.web.app/src/components/FAQ/Information.vue:1,,"Direkta barteravtal mellan medlemmar f&ouml;r att undvika m&auml;klararvode till Svensk Barter &auml;r f&ouml;rbjudna, och f&ouml;rem&aring;l f&ouml;r dubbel transaktionsavgift om p&aring;kommen.",1
sb.web.app/src/components/FAQ/Information.vue:1,,S&aring;dan direkt barterhandel kan &auml;ven leda till upps&auml;gning av medlemskap.,1
sb.web.app/src/components/FAQ/Information.vue:1,,Kontanta transaktioner mellan medlemmar vid sidan om barterhandeln ser f&ouml;reningen d&auml;remot positivt p&aring; och uppmuntrar.,1
sb.web.app/src/components/FAQ/Information.vue:1,,SKATTER,1
sb.web.app/src/components/FAQ/Information.vue:1,,"S&auml;ljaren ska ta ut l&auml;mpliga f&ouml;rs&auml;ljnings-, merv&auml;rdes- och punktskatter och samla in och registrera dessa p&aring; transaktionsformul&auml;ret vid tidpunkten f&ouml;r f&ouml;rs&auml;ljningen. Under inga omst&auml;ndigheter kommer Svensk Barter att vara ansvarig f&ouml;r att betala n&aring;gon f&ouml;rs&auml;ljningsskatt, merv&auml;rdesskatt, punktskatt eller annan s&aring;dan skatt f&ouml;r n&aring;gon medlems r&auml;kning.",1
sb.web.app/src/components/FAQ/Information.vue:1,,Medlemmar uppmanas att behandla transaktioner som involverar barterkronor generellt som skattepliktiga h&auml;ndelser och f&ouml;lja skatteverkets rekommendationer f&ouml;r deltagande i bytesringsverksamhet. Ansvaret f&ouml;r deklarering och redovisning av alla till&auml;mpliga skatter som h&auml;rr&ouml;r fr&aring;n handelstransaktioner i bytesringssystemet ligger uteslutande hos medlemmen.,1
sb.web.app/src/components/FAQ/Information.vue:1,,Svensk Barter kommer att samverka med myndigheter om s&aring; p&aring;kallas f&ouml;r att reda ut misst&auml;nkta skattebrott.,1
sb.web.app/src/components/FAQ/Information.vue:1,,MEDLEMMENS GRUNDL&Auml;GGANDE ANSVAR F&Ouml;R ATT UPPEH&Aring;LLA GOD ST&Auml;LLNING,1
sb.web.app/src/components/FAQ/Information.vue:1,,"En medlem som bedriver handel och uppf&ouml;r sig i enlighet med dessa regler, stadgar och f&ouml;reningens &ouml;vriga medlemsrelaterade styrdokument, sk&ouml;ter sina &aring;tagande g&auml;llande avgifter och har ett giltigt, ej utg&aring;nget, medlemskonto anses vara en &quot;medlem i god st&auml;llning&quot; som tar sitt grundl&auml;ggande medlemsansvar.",1
sb.web.app/src/components/FAQ/Information.vue:1,,Endast medlemmar i god st&auml;llning erbjuds tj&auml;nster av Svensk Barter.,1
sb.web.app/src/components/FAQ/Information.vue:1,,F&Ouml;RM&Aring;NSBEHANDLING,1
sb.web.app/src/components/FAQ/Information.vue:1,,"Medlemmen erk&auml;nner att regleringen av medlemmar, ink&ouml;p, kontroll av kreditgivning och f&ouml;rdelning av varor eller tj&auml;nster som &auml;r bristf&auml;lliga &auml;r inbyggda i Svensk Barters ledningsansvar, skall ut&ouml;vas enligt Svensk Barters eget gottfinnande, och utg&ouml;r inte f&ouml;rm&aring;nsbehandling enligt dessa regler.",1
sb.web.app/src/components/FAQ/Information.vue:1,,MEDLEMS NEKANDE AV GILTIG INK&Ouml;PSBEG&Auml;RAN,1
sb.web.app/src/components/FAQ/Information.vue:1,,"Det erk&auml;nns, f&ouml;rst&aring;s och godk&auml;nns av medlemmen, att om medlemmen inte vill hedra och acceptera ink&ouml;p fr&aring;n en annan medlem som anv&auml;nder bytesringens handelssystem enligt dessa regler, utom n&auml;r ledamot &auml;r i v&auml;ntel&auml;ge eller reservstatus i enlighet med dessa regler, ska medlemmens agerande anses vara v&auml;sentligt i strid med detta avtal. Medlemmen &auml;r inf&ouml;rst&aring;dd med att om en s&aring;dan h&auml;ndelse intr&auml;ffar kommer skador att uppkomma till Svensk Barter i aff&auml;rsf&ouml;rh&aring;llandet mellan Svensk Barter och medlemmen vars ink&ouml;psbeg&auml;ran inte hedrades, och att den nekande medlemmen &auml;r ansvarig f&ouml;r s&aring;dana skador.",1
sb.web.app/src/components/FAQ/Information.vue:1,,MISSBRUK AV TJ&Auml;NSTEN,1
sb.web.app/src/components/FAQ/Information.vue:1,,"Svensk Barter f&ouml;rbeh&aring;ller sig r&auml;tten att ensidigt besluta om att st&auml;nga av Kontoinnehavare fr&aring;n tj&auml;nsten. Avst&auml;ngning kan till exempel ske till f&ouml;ljd av klagom&aring;l, brott mot dessa anv&auml;ndarvillkor eller om tj&auml;nsten anv&auml;nds p&aring; ett s&auml;tt som kan orsaka Svensk Barter eller tredjeman skada.",1
sb.web.app/src/components/FAQ/Information.vue:1,,Att Svensk Barter underl&aring;ter att genomdriva en viss regel eller policy vid ett tillf&auml;lle eller mot en Kontoinnehavare utesluter inte att samma regel eller policy till&auml;mpas vid en annan tidpunkt eller mot en annan Kontoinnehavare.,1
sb.web.app/src/components/FAQ/Information.vue:1,,"Ouml;vertr&auml;delser av dessa Anv&auml;ndarvillkor eller Svensk Barters stadgar &auml;r oetiska och kan vara brottsliga. Kontoinnehavare f&ouml;rv&auml;ntas rapportera till Svensk Barter om eventuella uppgifter som du kan ha ang&aring;ende fall d&auml;r denna &ouml;verenskommelse eller anv&auml;ndningsvillkoren har blivit &ouml;vertr&auml;dda eller brutits mot. N&auml;r Svensk Barter blir medveten om eventuella &ouml;vertr&auml;delser, kommer f&ouml;reningen att inleda en unders&ouml;kning. Samtidigt, f&ouml;r att f&ouml;rhindra ytterligare m&ouml;jlig obeh&ouml;rig verksamhet, kan Svensk Barter efter eget gottfinnande avbryta alla inblandade konton som har tillg&aring;ng till Tj&auml;nsten. Konstaterade &ouml;vertr&auml;delser kan leda till omedelbar upps&auml;gning av enskilda konton och/eller r&auml;ttsliga p&aring;f&ouml;ljder. Kontoupph&auml;vandet kan &aring;terst&auml;llas efter eget gottfinnande av Svensk Barter efter betalning av en &aring;terst&auml;llningsavgift.",1
sb.web.app/src/components/FAQ/Information.vue:1,,UPPS&Auml;GNING AV HANDELSKONTO I BYTESRINGSSYSTEMET,1
sb.web.app/src/components/FAQ/Information.vue:1,,Endera parten kan s&auml;ga upp detta avtal med tio (10) dagars varsel. Upps&auml;gning ska ske skriftligen.,1
sb.web.app/src/components/FAQ/Information.vue:1,,"Omedelbart efter upps&auml;gning, dock senast inom 30 dagar, ska samtliga utest&aring;ende avgifter betalas till Svensk Barter, och:",1
sb.web.app/src/components/FAQ/Information.vue:1,,Om medlemmen har en negativ handelsbalans (dvs. k&ouml;p &ouml;verstiger f&ouml;rs&auml;ljningen) ska medlemmen betala kontot med barterkronor eller acceptabla produkter eller tj&auml;nster inom trettio dagar efter upps&auml;gningstidpunkten. Om handelsbalansen fortfarande &auml;r negativ efter dessa 30 dagar ska medlemmen betala resterande belopp till Svensk Barter med kontanter.,1
sb.web.app/src/components/FAQ/Information.vue:1,,Om medlemmen har en positiv handelsbalans (f&ouml;rs&auml;ljningen &ouml;verstiger ink&ouml;p) har medlemmen r&auml;tt att forts&auml;tta vara aktiv till dess att det positiva saldot &auml;r f&ouml;rbrukat. Under den tiden ska samtliga kontantavgifter och serviceavgifter till Svensk Barter betalas i f&ouml;rskott.&nbsp;,1
sb.web.app/src/components/FAQ/Information.vue:1,,Om upps&auml;gning av handelskonto skall f&ouml;ljas av uttr&auml;de ur den ekonomiska f&ouml;reningen f&ouml;ljs f&ouml;reningens stadgar.,1
sb.web.app/src/components/FAQ/Information.vue:1,,"Svensk Barter har ingen skyldighet under n&aring;gra omst&auml;ndigheter, d&auml;ribland upph&ouml;rande av medlemmarnas handelsf&ouml;rpliktelser, att omvandla ett positivt handelskontos saldo till riktiga kontanter i lagligt betalningsmedel (Svenska kronor). Vid upps&auml;gning &aring;terbetalas inga erlagda medlemsavgifter, serviceavgifter eller provisioner.",1
sb.web.app/src/components/FAQ/Information.vue:1,,&Ouml;VERL&Aring;TELSE AV KONTO,1
sb.web.app/src/components/FAQ/Information.vue:1,,En medlems konto kan inte &ouml;verl&aring;tas till annan part utan att Svensk Barter uttryckligen meddelat skriftligt samtycke.,1
sb.web.app/src/components/FAQ/Information.vue:1,,En medlem kan d&auml;remot ha subkonton till anst&auml;llda eller f&ouml;r &auml;gares privata bruk om mjukvaran till&aring;ter det.,1
sb.web.app/src/components/FAQ/Information.vue:1,,HANTERING AV PERSONUPPGIFTER,1
sb.web.app/src/components/FAQ/Information.vue:1,,N&auml;r du ans&ouml;ker om medlemskap eller registrerar dig som Kontoinnehavare hos Svensk Barter f&ouml;rser du oss med vissa personuppgifter som &auml;r n&ouml;dv&auml;ndiga f&ouml;r att vi ska tillhandah&aring;lla tj&auml;nsten. Genom att registrera ett anv&auml;ndarkonto godk&auml;nner du att vi samlar in och behandlar personuppgifter i enlighet med v&aring;r Integritetspolicy.,1
sb.web.app/src/components/FAQ/Information.vue:1,,IMMATERIELLA R&Auml;TTIGHETER,1
sb.web.app/src/components/FAQ/Information.vue:1,,"Svensk Barter &auml;ger samtliga r&auml;ttigheter, inklusive varum&auml;rke, upphovsr&auml;tt och andra immateriella r&auml;ttigheter till tj&auml;nsten. Det &auml;r inte till&aring;tet att som Anv&auml;ndare av tj&auml;nsten kopiera, modifiera, distribuera eller p&aring; annat s&auml;tt sprida information och inneh&aring;ll fr&aring;n tj&auml;nsten till allm&auml;nheten via internet eller p&aring; annat s&auml;tt.",1
sb.web.app/src/components/FAQ/Information.vue:1,,UPPL&Ouml;SNING,1
sb.web.app/src/components/FAQ/Information.vue:1,,"I h&auml;ndelse av att bytesringssystemet uppl&ouml;ses eller p&aring; annat s&auml;tt upph&ouml;r med att g&ouml;ra aff&auml;rer ska alla medlemmar i negativ handelsposition betala belopp de &auml;r skyldiga i kontanter (en barterkrona &auml;r nominellt lika med en svensk krona i lagligt betalningsmedel) till en fond. Fonden, minus utgifter och plus eventuella lager, kommer att f&ouml;rdelas proportionellt till alla medlemmar som befinner sig i en positiv handelsposition g&auml;llande barterkronor. S&aring;ledes kommer alla medlemmar i en positiv position att f&aring; pengar f&ouml;r sina barterkronor i den utstr&auml;ckning som medel till&aring;ter. Svensk Barter ansvarar inte gentemot n&aring;gra medlemmar f&ouml;r kontanter eller barterkronor ut&ouml;ver f&ouml;rdelningen av s&aring;dana medel som n&auml;mnts ovan.",1
sb.web.app/src/components/FAQ/Information.vue:1,,&Auml;NDRINGAR OCH TILL&Auml;GG,1
sb.web.app/src/components/FAQ/Information.vue:1,,"Svensk Barter f&ouml;rbeh&aring;ller sig r&auml;tten att ensidigt besluta om &auml;ndringar och till&auml;gg till dessa Anv&auml;ndarvillkor samt att justera &aring;rliga medlemsavgifter, provisioner, transaktionsavgifter och eventuella serviceavgifter. Alla &auml;ndringar ska meddelas skriftligen via brev eller e-post trettio senast (30) dagar f&ouml;re &auml;ndringen tr&auml;der i kraft.",1
sb.web.app/src/components/FAQ/Information.vue:1,,Aktuella villkor och avgifter finns alltid publicerade p&aring; webbplatsen och du som medlem ansvarar f&ouml;r att h&aring;lla dig uppdaterad om eventuella &auml;ndringar.,1
sb.web.app/src/components/FAQ/Information.vue:1,,TVISTER,1
sb.web.app/src/components/FAQ/Information.vue:1,,Eventuella handelstvister ska endast vara mellan k&ouml;paren och s&auml;ljaren och ska l&ouml;sas av dessa parter sj&auml;lva. Emellertid f&ouml;rbeh&aring;ller sig Svensk Barter r&auml;tten att agera som medlare f&ouml;r att f&ouml;rs&ouml;ka l&ouml;sa tvister n&auml;r Svensk Barter anser att det &auml;r i sitt b&auml;sta intresse och f&ouml;r bytesringen i stort att agera som s&aring;dan funktion.,1
sb.web.app/src/components/FAQ/Information.vue:1,,VAL AV LAG OCH FORUM,1
sb.web.app/src/components/FAQ/Information.vue:1,,Svensk lag ska till&auml;mpas p&aring; detta Avtal.,1
sb.web.app/src/components/FAQ/Information.vue:1,,Tvist mellan Svensk Barter och medlem i anledning av Avtalet ska slutligen avg&ouml;ras av svensk allm&auml;n domstol.&nbsp;,1
sb.web.app/src/components/FAQ/Information.vue:1,,,1
sb.web.app/src/components/FAQ/Policy.vue:1,,All text här är i nuläget hårdkodad och översatt till html via wordtohtml.net.,1
sb.web.app/src/components/FAQ/Policy.vue:1,,"Detta kommer i framtiden behöva ändras så att admin kan ändra texten via adminpage,",1
sb.web.app/src/components/FAQ/Policy.vue:1,,och att texten ligger sparad i databasen istället för att vara hårdkodad här.,1
sb.web.app/src/components/FAQ/Policy.vue:1,,Syfte,1
sb.web.app/src/components/FAQ/Policy.vue:1,,Vi v&auml;rnar om din integritet. Du ska kunna k&auml;nna dig trygg n&auml;r du anf&ouml;rtror oss dina personuppgifter. D&auml;rf&ouml;r har vi uppr&auml;ttat den h&auml;r policyn. Den utg&aring;r fr&aring;n g&auml;llande dataskyddslagstiftning och f&ouml;rtydligar hur vi jobbar f&ouml;r att ta tillvara dina r&auml;ttigheter och din integritet.,1
sb.web.app/src/components/FAQ/Policy.vue:1,,"Syftet med den h&auml;r policyn &auml;r att du ska f&aring; veta hur vi behandlar dina personuppgifter, vad vi anv&auml;nder dem till, vilka som f&aring;r ta del av dem och under vilka f&ouml;ruts&auml;ttningar samt hur du kan ta tillvara dina r&auml;ttigheter.",1
sb.web.app/src/components/FAQ/Policy.vue:1,,"Vi behandlar dina personuppgifter fr&auml;mst f&ouml;r att fullf&ouml;lja v&aring;ra f&ouml;rpliktelser mot dig. V&aring;r utg&aring;ngspunkt &auml;r att inte behandla fler personuppgifter &auml;n vad som beh&ouml;vs f&ouml;r &auml;ndam&aring;let, och vi str&auml;var alltid efter att anv&auml;nda de minst integritetsk&auml;nsliga uppgifterna.",1
sb.web.app/src/components/FAQ/Policy.vue:1,,"Vi beh&ouml;ver ocks&aring; dina personuppgifter f&ouml;r att ge dig bra service exempelvis vad g&auml;ller marknadsf&ouml;ring, barterm&auml;klarst&ouml;d och information. Vi kan ocks&aring; beh&ouml;va dina personuppgifter f&ouml;r att uppfylla lagar samt utf&ouml;ra kund- och marknadsanalyser.",1
sb.web.app/src/components/FAQ/Policy.vue:1,,Du har r&auml;tt att mots&auml;tta dig att vi anv&auml;nder personuppgifter f&ouml;r direktmarknadsf&ouml;ring. N&auml;r vi samlar in personuppgifter om dig f&ouml;r f&ouml;rsta g&aring;ngen f&aring;r du mer information om detta och hur du kan mots&auml;tta dig det.,2
sb.web.app/src/components/FAQ/Policy.vue:1,,Vilka personuppgifter behandlar vi?,2
sb.web.app/src/components/FAQ/Policy.vue:1,,Vi behandlar endast personuppgifter n&auml;r vi har laglig grund. Vi behandlar inte personuppgifter i annat fall &auml;n n&auml;r de beh&ouml;vs f&ouml;r att fullg&ouml;ra f&ouml;rpliktelser enligt avtal och lag. H&auml;r f&ouml;ljer exempel p&aring; personuppgifterna vi behandlar:,2
sb.web.app/src/components/FAQ/Policy.vue:1,Name,Namn,2
sb.web.app/src/components/FAQ/Policy.vue:1,Address,Adress,2
sb.web.app/src/components/FAQ/Policy.vue:1,Email,E-postadress,2
sb.web.app/src/components/FAQ/Policy.vue:1,Phone,Telefonnummer,2
sb.web.app/src/components/FAQ/Policy.vue:1,Age,&Aring;lder,2
sb.web.app/src/components/FAQ/Policy.vue:1,Date of birth,F&ouml;delsedatum,2
sb.web.app/src/components/FAQ/Policy.vue:1,Gender,K&ouml;n,2
sb.web.app/src/components/FAQ/Policy.vue:1,Title,Titel,2
sb.web.app/src/components/FAQ/Policy.vue:1,Images,Fotografier,2
sb.web.app/src/components/FAQ/Policy.vue:1,,Bankrelaterade uppgifter som bankkonto f&ouml;r anst&auml;llda och medlemmar,2
sb.web.app/src/components/FAQ/Policy.vue:1,,Uppgifter som du registrerade sj&auml;lvmant och frivilligt uppger,2
sb.web.app/src/components/FAQ/Policy.vue:1,,"Inneh&aring;ll som du sj&auml;lv publicerar, s.k. anv&auml;ndargenererat inneh&aring;ll",2
sb.web.app/src/components/FAQ/Policy.vue:1,,Hur f&aring;r vi tillg&aring;ng till dina personuppgifter?,2
sb.web.app/src/components/FAQ/Policy.vue:1,,"Vi f&ouml;rs&ouml;ker i m&ouml;jligaste m&aring;n att inh&auml;mta ditt samtycke innan vi b&ouml;rjar behandlar dina personuppgifter. Det g&ouml;r vi genom att l&aring;ta dig godk&auml;nna muntligen, l&aring;ta dig fylla i samtyckesblankett eller sj&auml;lv f&ouml;ra in uppgifterna digitalt i de fall behandlingen grundas p&aring; samtycke.",2
sb.web.app/src/components/FAQ/Policy.vue:1,,"Du har n&auml;r som helst r&auml;tt att &aring;terkalla ditt samtycke. Vi kommer d&aring; inte l&auml;ngre att behandla dina personuppgifter eller inh&auml;mta nya, under f&ouml;ruts&auml;ttning att det inte beh&ouml;vs f&ouml;r att fullg&ouml;ra v&aring;ra skyldigheter enligt avtal eller lag. T&auml;nk p&aring; att &aring;terkallelse av samtycke kan inneb&auml;ra att vi inte kan fullg&ouml;ra de skyldigheter vi har i f&ouml;rh&aring;llande till dig.",2
sb.web.app/src/components/FAQ/Policy.vue:1,,Vi f&aring;r ocks&aring; tillg&aring;ng till dina personuppgifter p&aring; f&ouml;ljande s&auml;tt:,2
sb.web.app/src/components/FAQ/Policy.vue:1,,Uppgifter som du tillhandah&aring;ller oss direkt,2
sb.web.app/src/components/FAQ/Policy.vue:1,,Uppgifter som registreras n&auml;r du bes&ouml;ker v&aring;r hemsida/handelsplattform,2
sb.web.app/src/components/FAQ/Policy.vue:1,,Uppgifter som vi f&aring;r fr&aring;n offentliga register,2
sb.web.app/src/components/FAQ/Policy.vue:1,,Uppgifter som vi f&aring;r n&auml;r du anlitar en av v&aring;ra medarbetare,2
sb.web.app/src/components/FAQ/Policy.vue:1,,Uppgifter som vi f&aring;r n&auml;r du anm&auml;ler dig till v&aring;ra m&ouml;ten eller seminarier,2
sb.web.app/src/components/FAQ/Policy.vue:1,,Uppgifter som vi f&aring;r n&auml;r du anm&auml;ler dig till nyhetsbrev och andra utskick,2
sb.web.app/src/components/FAQ/Policy.vue:1,,Uppgifter som vi f&aring;r n&auml;r du svarar p&aring; enk&auml;ter och unders&ouml;kningar,2
sb.web.app/src/components/FAQ/Policy.vue:1,,"Uppgifter som vi f&aring;r n&auml;r du kontaktar oss, s&ouml;ker anst&auml;llning hos oss, bes&ouml;ker oss eller p&aring; annat s&auml;tt tar kontakt med oss",2
sb.web.app/src/components/FAQ/Policy.vue:1,,Vilken information ger vi till dig?,2
sb.web.app/src/components/FAQ/Policy.vue:1,,"N&auml;r vi samlar in dina personuppgifter f&ouml;r f&ouml;rsta g&aring;ngen kommer vi att informera dig om hur vi har f&aring;tt tag i personuppgifterna, vad vi kommer att anv&auml;nda dem till, vilka r&auml;ttigheter du har enligt dataskyddslagstiftningen och hur du kan ta tillvara dessa. Du kommer ocks&aring; att bli informerad om vem som &auml;r ansvarig f&ouml;r personuppgiftsbehandlingen och hur du kan kontakta oss om du har fr&aring;gor eller beh&ouml;ver l&auml;mna en beg&auml;ran eller f&ouml;rfr&aring;gan som avser dina personuppgifter och/eller r&auml;ttigheter.",2
sb.web.app/src/components/FAQ/Policy.vue:1,,Behandlas dina personuppgifter p&aring; ett betryggande s&auml;tt?,2
sb.web.app/src/components/FAQ/Policy.vue:1,,Vi utarbetar rutiner och arbetss&auml;tt f&ouml;r att dina personuppgifter ska hanteras p&aring; ett s&auml;kert s&auml;tt. Utg&aring;ngspunkten &auml;r att endast arbetstagare och andra personer inom organisationen som beh&ouml;ver personuppgifterna f&ouml;r att utf&ouml;ra sina arbetsuppgifter samt vid behov andra medlemmar som vill g&ouml;ra aff&auml;rer med dig ska ha tillg&aring;ng till dem.,2
sb.web.app/src/components/FAQ/Policy.vue:1,,"I fr&aring;ga om k&auml;nsliga personuppgifter inr&auml;ttar vi s&auml;rskilda beh&ouml;righetskontroller vid behov, vilket inneb&auml;r ett h&ouml;gre skydd f&ouml;r dina personuppgifter. Vi avser att inte behandla k&auml;nsliga personuppgifter s&aring; l&aring;ngt det &auml;r m&ouml;jligt.",2
sb.web.app/src/components/FAQ/Policy.vue:1,,Vi &ouml;verf&ouml;r inte personuppgifter i andra fall &auml;n de som uttryckligen anges i denna policy eller annat &auml;n vad som stipuleras av GDPR och svensk lagstiftning.,2
sb.web.app/src/components/FAQ/Policy.vue:1,,N&auml;r l&auml;mnar vi ut dina personuppgifter?,2
sb.web.app/src/components/FAQ/Policy.vue:1,,V&aring;r utg&aring;ngspunkt &auml;r att inte l&auml;mna ut dina personuppgifter till tredje part om du inte har samtyckt till det eller om det inte &auml;r n&ouml;dv&auml;ndigt f&ouml;r att uppfylla v&aring;ra f&ouml;rpliktelser enligt avtal eller lag. I de fall vi l&auml;mnar ut personuppgifter till tredje part uppr&auml;ttar vi sekretessavtal samt s&auml;kerst&auml;ller att personuppgifterna behandlas p&aring; ett betryggande s&auml;tt.,2
sb.web.app/src/components/FAQ/Policy.vue:1,,Ansvar,2
sb.web.app/src/components/FAQ/Policy.vue:1,,"Svensk Barter ekonomisk f&ouml;rening &auml;r personuppgiftsansvarig, vilket inneb&auml;r att vi &auml;r ansvariga f&ouml;r hur dina personuppgifter behandlas och att dina r&auml;ttigheter tas tillvara.",2
sb.web.app/src/components/FAQ/Policy.vue:1,,Information om v&aring;r behandling av integritet p&aring; www.svenskbarter.se och relaterade kommunikationskanaler,2
sb.web.app/src/components/FAQ/Policy.vue:1,,F&ouml;r v&aring;r handelsplattform www.svenskbarter.se utg&aring;r vi fr&aring;n f&ouml;reningens integritetspolicy med n&aring;gra f&ouml;rtydligande principer:,2
sb.web.app/src/components/FAQ/Policy.vue:1,,Vi ber dig inte om personlig information om vi inte beh&ouml;ver det.,2
sb.web.app/src/components/FAQ/Policy.vue:1,,"Vi delar inte din personliga information med n&aring;gon f&ouml;rutom f&ouml;r att f&ouml;lja lagen, utveckla v&aring;ra produkter eller skydda v&aring;ra r&auml;ttigheter.",2
sb.web.app/src/components/FAQ/Policy.vue:1,,Vi lagrar inte personlig information p&aring; v&aring;ra servrar om det inte beh&ouml;vs f&ouml;r den p&aring;g&aring;ende driften av n&aring;gon av v&aring;ra tj&auml;nster.,2
sb.web.app/src/components/FAQ/Policy.vue:1,,"P&aring; v&aring;r blogg och forum str&auml;var vi efter att g&ouml;ra det s&aring; enkelt som m&ouml;jligt f&ouml;r dig att kontrollera vad som &auml;r synligt f&ouml;r allm&auml;nheten, ses av s&ouml;kmotorer, h&aring;lls privat och permanent raderad.",2
sb.web.app/src/components/FAQ/Policy.vue:1,,Nedan f&ouml;ljer detaljer kring hur vi v&auml;rnar din integritet som anv&auml;ndare av handelsplattformen p&aring; svenskbarter.se:,2
sb.web.app/src/components/FAQ/Policy.vue:1,,"Liksom de flesta webbplatsoperat&ouml;rer samlar svenskbarter.se icke-personligt identifierande information av det slag som webbl&auml;sare och servrar brukar g&ouml;ra tillg&auml;ngliga, till exempel webbl&auml;sartyp, spr&aring;kinst&auml;llningar, referenswebbplats och datum och tid f&ouml;r varje f&ouml;rfr&aring;gan fr&aring;n bes&ouml;kare. V&aring;rt syfte att samla in personligt identifierande information &auml;r att b&auml;ttre f&ouml;rst&aring; hur bes&ouml;kare anv&auml;nder svenskbarter.se. Fr&aring;n tid till annan kan Svensk Barter sl&auml;ppa icke-personligt identifierande information, genom att publicera en rapport om trender kring anv&auml;ndningen av sin webbplats.",2
sb.web.app/src/components/FAQ/Policy.vue:1,,"Svenskbarter.se samlar ocks&aring; potentiellt personligt identifierande information som Internet Protocol (IP) adresser. Svensk Barter anv&auml;nder emellertid inte s&aring;dan information f&ouml;r att identifiera sina bes&ouml;kare, f&ouml;rutom under samma omst&auml;ndigheter som f&ouml;reningen anv&auml;nder och beskriver personligt identifierande information, s&aring; som beskrivs nedan.",2
sb.web.app/src/components/FAQ/Policy.vue:1,,"De som engagerar sig i transaktioner med Svensk Barter genom att bli medlemmar och k&ouml;pa en online byteshandelsservice, till exempel, uppmanas att tillhandah&aring;lla ytterligare information, inklusive n&ouml;dv&auml;ndig personlig och finansiell information som kr&auml;vs f&ouml;r att behandla dessa transaktioner. I varje fall samlar Svensk Barter endast in s&aring;dan information i den m&aring;n det &auml;r n&ouml;dv&auml;ndigt eller l&auml;mpligt f&ouml;r att uppfylla syftet med bes&ouml;karens interaktion med svenskbarter.se. Svensk Barter avsl&ouml;jar inte personligt identifierande information annat &auml;n vad som beskrivs nedan. Bes&ouml;kare kan alltid v&auml;gra att leverera personligt identifierande information, med f&ouml;rbeh&aring;llet att det kan hindra dem fr&aring;n att engagera sig i online-handel och vissa webbplatsrelaterade aktiviteter.",2
sb.web.app/src/components/FAQ/Policy.vue:1,,Skydd av viss personligt identifierande information,2
sb.web.app/src/components/FAQ/Policy.vue:1,,"Svensk Barter avsl&ouml;jar potentiellt personligt identifierande och personligt identifierande information endast f&ouml;r de anst&auml;llda, entrepren&ouml;rer och anslutna organisationer som (i) beh&ouml;ver veta den informationen f&ouml;r att kunna bearbeta den f&ouml;r Svensk Barters r&auml;kning eller att tillhandah&aring;lla tj&auml;nster tillg&auml;ngliga vid Svensk Barters webbplatser, och (ii) som har kommit &ouml;verens om att inte l&auml;mna ut det till andra. N&aring;gra av dessa anst&auml;llda, entrepren&ouml;rer och anknutna organisationer kan vara placerade utanf&ouml;r ditt hemland. Genom att anv&auml;nda Svensk Barters webbplatser godk&auml;nner du &ouml;verf&ouml;ring av s&aring;dan information till dem. Svensk Barter kommer inte att hyra eller s&auml;lja potentiellt personligt identifierande och personligt identifierande information till n&aring;gon annan.",2
sb.web.app/src/components/FAQ/Policy.vue:1,,"Ut&ouml;ver sina anst&auml;llda, entrepren&ouml;rer och anknutna organisationer, som beskrivits ovan, s&aring; avsl&ouml;jar Svensk Barter potentiellt personligt identifierande och personligt identifierande information endast vid godk&auml;nnande av ber&ouml;rd individ eller n&auml;r det kr&auml;vs enligt lag.",2
sb.web.app/src/components/FAQ/Policy.vue:1,,"Svensk Barter beskriver ocks&aring; potentiellt personligt identifierande och personligt identifierande information samt transaktionsinformation och barterf&ouml;rs&auml;ljningsdata f&ouml;r svenska myndigheter, exempelvis skatteverket, p&aring; beg&auml;ran s&aring; l&auml;nge det &auml;r i enlighet med svensk lag.",2
sb.web.app/src/components/FAQ/Policy.vue:1,,"Om du &auml;r en registrerad anv&auml;ndare av en svensk barter-webbplats och har levererat din e-postadress kan Svensk Barter ibland skicka ett mail f&ouml;r att ber&auml;tta om nya funktioner, beg&auml;ra din feedback eller bara h&aring;lla dig uppdaterad med vad som h&auml;nder hos Svensk Barter och v&aring;ra f&ouml;retagstj&auml;nster och produkter. Vi anv&auml;nder fr&auml;mst v&aring;r blogg f&ouml;r att kommunicera denna typ av information, s&aring; du kan f&ouml;rv&auml;nta dig att erh&aring;lla den h&auml;r typen av e-post till ett minimum. Om du skickar en beg&auml;ran till oss (till exempel via ett support-e-postmeddelande eller via en av v&aring;ra feedbackmekanismer), f&ouml;rbeh&aring;ller vi oss r&auml;tten att publicera den f&ouml;r att hj&auml;lpa oss att klarg&ouml;ra eller svara p&aring; din beg&auml;ran eller hj&auml;lpa oss att st&ouml;dja andra anv&auml;ndare. Svensk Barter tar alla &aring;tg&auml;rder som &auml;r rimligt n&ouml;dv&auml;ndiga f&ouml;r att skydda mot obeh&ouml;rig tillg&aring;ng, anv&auml;ndning, &auml;ndring eller f&ouml;rst&ouml;relse av potentiellt personligt identifierande och personligt identifierande information.",2
sb.web.app/src/components/FAQ/Policy.vue:1,,Sm&aring;kakor,2
sb.web.app/src/components/FAQ/Policy.vue:1,,"En cookie &auml;r en str&auml;ng information som en webbplats lagrar p&aring; en bes&ouml;kares dator och att bes&ouml;karens webbl&auml;sare ger till webbplatsen varje g&aring;ng bes&ouml;karen returnerar. Svenskbarter.se anv&auml;nder cookies f&ouml;r att hj&auml;lpa Svensk Barter att identifiera och sp&aring;ra bes&ouml;kare, deras anv&auml;ndning av svenskbarter.se-hemsidan, och deras webbplats preferenser. Anv&auml;ndare p&aring; Svenskbarter.se som inte vill ha cookies placerade p&aring; sina datorer b&ouml;r s&auml;tta sina webbl&auml;sare att neka cookies innan de anv&auml;nder hemsidor tillh&ouml;rande Svensk Barter, med nackdelen att vissa funktioner p&aring; dessa hemsidor kanske inte fungerar p&aring; r&auml;tt s&auml;tt utan hj&auml;lp av cookies.",2
sb.web.app/src/components/FAQ/Policy.vue:1,,&Auml;ndringar i integritetspolicy,2
sb.web.app/src/components/FAQ/Policy.vue:1,,Svensk Barter kan &auml;ndra eller uppdatera sin Integritetspolicy efter eget gottfinnande. D&auml;rf&ouml;r uppmuntrar Svensk Barter anv&auml;ndare att &aring;terkommande bes&ouml;ka denna sida f&ouml;r eventuella &auml;ndringar i sin sekretesspolicy. Din fortsatta anv&auml;ndning av denna webbplats efter n&aring;gon &auml;ndring av denna sekretesspolicy kommer att utg&ouml;ra din godtagande av s&aring;dan &auml;ndring.,2
sb.web.app/src/components/FAQ/Policy.vue:1,,"Om du har fr&aring;gor om &aring;tkomst till eller korrigering av dina personuppgifter, kontakta oss p&aring;: svenskbarter@gmail.com",2
sb.web.app/src/components/FAQ/Policy.vue:1,,,2
sb.web.app/src/components/FAQ/Questions.vue:3,, Vanliga frågor ,2
sb.web.app/src/components/FAQ/Questions.vue:3,,Hur tjänar jag barterkrediter?,2
sb.web.app/src/components/FAQ/Questions.vue:3,,"Precis som ett bankkonto, när du först öppnar ditt barterkonto är din balans noll. Du tjänar barterkrediter genom att sälja dina varor eller tjänster till andra medlemmar i ringen. Du kan annonsera i våra e-posterbjudanden och webbshop, eller så kan du rådgöra med din bartermäklare om andra sätt att marknadsföra ditt företag inom ringen.  Ett annat sätt att är att skapa barterkrediter genom att använda din kreditlina. Det är så barterkrediterna inom nätverket skapas. Ju mer du köper och säljer i nätverket på regelbunden basis, ju större kreditlina kommer du att få av din bartermäklare.",2
sb.web.app/src/components/FAQ/Questions.vue:3,,Hur spenderar jag mina barterkrediter?,2
sb.web.app/src/components/FAQ/Questions.vue:3,,"När du vill göra ett köp för din organisation eller dig personligen kan du göra det direkt på webbshopen. Är det något du behöver som inte finns i shopen så kontaktar du barterringen som letar reda på det, antingen hos befintliga medlemmar eller genom att rekrytera nya medlemmar.",2
sb.web.app/src/components/FAQ/Questions.vue:3,,Kan jag få lojalitetspoäng?,2
sb.web.app/src/components/FAQ/Questions.vue:3,,"Nej, barterringen är inget lojalitetsprogram där poäng löses för varor utan en komplementär marknadsplats - en ""sluten ekonomi"". Dina barterkrediter är en komplementär valuta med exakt samma värde som en svensk krona. Ditt handelskonto är som vilket bankkonto som helst, förutom att du måste spendera eller tjäna dina barterkronor (interna handelskrediter nominerade i svenska kronor)  inom vår begränsade handelskrets av företag och organisationer. ",2
sb.web.app/src/components/FAQ/Questions.vue:3,,Har mina barterkrediter en skattepåverkan?,2
sb.web.app/src/components/FAQ/Questions.vue:3,,"Absolut, en barterkrona redovisas på samma sätt som en svensk krona i din bokföring. Skattekraven är desamma. Enda skillnaden är att du inte kan betala skatt med barterkronorna. Istället använder du t ex de kontanta besparingar du gör genom barterhandeln till detta. Om du går plus minus noll i handeln utgår ingen vinstbeskattning. Moms betalas alltid på sedvanligt vis i svenska kronor. Förslagsvis skapar du ett eget barterkonto i bokföringen för att hålla ordning på din merförsäljning. På dina sidor på handelsplattformen hittar du din handelshistorik.",2
sb.web.app/src/components/FAQ/Questions.vue:3,,"Önskas ytterligare information rekommenderar vi <a href=""https://www4.skatteverket.se/rattsligvagledning/347753.html"">skatteverkets officiella ställningstagande för beskattning av medlem i bytesring.</a>",2
sb.web.app/src/components/FAQ/Questions.vue:3,,Hur hittar jag andra medlemmar?,2
sb.web.app/src/components/FAQ/Questions.vue:3,,"Genom vår virtuella handelsplattform, medlemsbrev och handelsmöten får du kontakt med nya handelspartners. Våra stödansvariga i föreningen kan i viss mån hjälpa till att “bartermäkla”.",2
sb.web.app/src/components/FAQ/Questions.vue:3,,Hur beräknar jag lönsamheten för min handel i barterringen?,2
sb.web.app/src/components/FAQ/Questions.vue:3,,"För att få ut mesta möjliga av dina barterkronor måste du ta reda på hur mycket det kostar dig att tjäna in dem. Först bedöms din kostnad för att göra affärer: till exempel om du kör ett konsultföretag och din bruttomarginal är 70% då kostar det 30 SEK kontant att tjäna in hundra barterkronor. Tillverkare tenderar att ha lägre marginaler och media har ofta en mycket låg kostnad eftersom de kan sälja ""oanvända"" lager.",2
sb.web.app/src/components/FAQ/Questions.vue:3,,"Oavsett din marginal (bruttoresultat efter din kostnad för att göra affärer) är barterringens syfte att bringa dig nya affärer och hjälpa dig att spara pengar. Det handlar om att bestämma vad du ska sälja, och när det är vettigt att sälja på barteravtal. Vissa företag säljer inte på barteravtal under högsäsong eftersom den typen av merförsäljning inte behövs vid den tiden. De är upptagna nog som det är då. Men det kan vara bra att sälja på barteravtal under mindre intensiva tider på året. Därför, oavsett vilken marginal som helst, kan nästan vilket företag som helst utnyttja försäljnings- och köpkraften hos en barterring. Vid någon tid på året kommer det i princip alltid att finnas en överkapacitet att avyttra. ",2
sb.web.app/src/components/FAQ/Questions.vue:3,,"Du kan även använda barterhandeln som MARKNADSFÖRING och då behöver du inte tänka på när du säljer utan då handlar det om att öka totalförsäljningen via nya kunder, oavsett tid på året. Detta kan också vara en klok strategi för att få fart på omsättningen på ditt handelskonto. ",2
sb.web.app/src/components/FAQ/Questions.vue:3,,"Om du vill kan du utveckla en plan för att handla mest effektivt inom systemet. En fast strategi för att successivt täcka månatliga omkostnader med barteravtal kan vara mycket främjande för din soliditet. Ett exempel på sådan strategi kan vara att skapa fasta handelscirklar med andra medlemmar, där ni skriver avtal om att göra specifika barteraffärer med varandra varje månad över en längre tid. ",2
sb.web.app/src/components/FAQ/Questions.vue:3,,Varför finns olika varor och tjänster tillgängliga vid olika tillfällen?,2
sb.web.app/src/components/FAQ/Questions.vue:3,,Som nämndes under förra frågan så försöker medlemmar ibland att skapa mest merförsäljning under mindre aktiva tider över året. Därför kommer vissa varor och tjänster inte att vara tillgängliga vissa tider på året. ,2
sb.web.app/src/components/FAQ/Questions.vue:3,,Hur fungerar prissättningen i barterringen?,2
sb.web.app/src/components/FAQ/Questions.vue:3,,"Barterpriserna är företrädesvis slutkundpriser utan rabatter eller andra former av förmånserbjudanden. Om någon medlem säljer under vad som kan sägas vara i linje med rekommenderat slutkundspris för en viss vara eller tjänst kan det leda till varning och fortsätter beteendet kan det innebära uteslutning. Att ta överpriser kan efter godkännande av admin dock vara godtagbart förutsatt att det gäller ”hårda produkter” med låg bruttomarginal och ett stort värde för våra medlemmar, t ex datorer, mobiltelefoner, båtar, verktyg, maskiner och så vidare. Sådana produkter kan annars vara mycket svåra att få in i barterringen överhuvudtaget.Barterpriserna är företrädesvis slutkundpriser utan rabatter eller andra former av förmånserbjudanden. Om någon medlem säljer under vad som kan sägas vara i linje med rekommenderat slutkundspris för en viss vara eller tjänst kan det leda till varning och fortsätter beteendet kan det innebära uteslutning. Att ta överpriser kan efter godkännande av admin dock vara godtagbart förutsatt att det gäller ”hårda produkter” med låg bruttomarginal och ett stort värde för våra medlemmar, t ex datorer, mobiltelefoner, båtar, verktyg, maskiner och så vidare. Sådana produkter kan annars vara mycket svåra att få in i barterringen överhuvudtaget.",2
sb.web.app/src/components/FAQ/Questions.vue:3,,,2